{"name":"develop","namedChunkGroups":{"commons":{"name":"commons","assets":[{"name":"framework.js","size":4296484},{"name":"commons.css","size":25836},{"name":"commons.js","size":2742407},{"name":"commons.76e5e1b307f0fab269cc.hot-update.js","size":861}],"filteredAssets":0,"assetsSize":7065588,"filteredAuxiliaryAssets":43,"auxiliaryAssetsSize":3320151},"component---cache-dev-404-page-js":{"name":"component---cache-dev-404-page-js","assets":[{"name":"component---cache-dev-404-page-js.js","size":72998}],"filteredAssets":0,"assetsSize":72998,"filteredAuxiliaryAssets":0,"auxiliaryAssetsSize":0},"component---src-pages-404-jsx":{"name":"component---src-pages-404-jsx","assets":[{"name":"framework.js","size":4296484},{"name":"commons.css","size":25836},{"name":"commons.js","size":2742407},{"name":"commons.76e5e1b307f0fab269cc.hot-update.js","size":861},{"name":"component---src-pages-404-jsx.js","size":20299}],"filteredAssets":0,"assetsSize":7085887,"filteredAuxiliaryAssets":43,"auxiliaryAssetsSize":3320151},"component---src-pages-index-jsx":{"name":"component---src-pages-index-jsx","assets":[{"name":"framework.js","size":4296484},{"name":"commons.css","size":25836},{"name":"commons.js","size":2742407},{"name":"commons.76e5e1b307f0fab269cc.hot-update.js","size":861},{"name":"component---src-pages-index-jsx.js","size":649872},{"name":"component---src-pages-index-jsx.76e5e1b307f0fab269cc.hot-update.js","size":11587}],"filteredAssets":0,"assetsSize":7727047,"filteredAuxiliaryAssets":43,"auxiliaryAssetsSize":3320151}},"assetsByChunkName":{"commons":["framework.js","commons.css","commons.js","commons.76e5e1b307f0fab269cc.hot-update.js"],"component---cache-dev-404-page-js":["component---cache-dev-404-page-js.js"],"component---src-pages-404-jsx":["framework.js","commons.css","commons.js","commons.76e5e1b307f0fab269cc.hot-update.js","component---src-pages-404-jsx.js"],"component---src-pages-index-jsx":["framework.js","commons.css","commons.js","commons.76e5e1b307f0fab269cc.hot-update.js","component---src-pages-index-jsx.js","component---src-pages-index-jsx.76e5e1b307f0fab269cc.hot-update.js"]},"childAssetsByChunkName":{}}